<?xml version="1.0"?>
<data grt_format="2.0">
  <value _ptr_="0A221FE8" type="list" content-type="object" content-struct-name="db.mgmt.Connection">
    <value type="object" struct-name="db.mgmt.Connection" id="{24A2673E-BDB0-47AE-8734-87894E10F0AD}" struct-checksum="0x96ba47d8">
      <link type="object" struct-name="db.mgmt.Driver" key="driver">com.mysql.rdbms.mysql.driver.native</link>
      <value type="string" key="hostIdentifier">Mysql@localhost:3306</value>
      <value type="int" key="isDefault">0</value>
      <value _ptr_="0A32A6D8" type="dict" key="modules"/>
      <value _ptr_="0A32A458" type="dict" key="parameterValues">
        <value type="string" key="DbSqlEditor:LastDefaultSchema">wtcr_dev</value>
        <value type="int" key="OPT_READ_TIMEOUT">300</value>
        <value type="string" key="hostName">localhost</value>
        <value type="int" key="lastConnected">1429817374</value>
        <value type="int" key="port">3306</value>
        <value type="string" key="serverVersion">5.6.17-log</value>
        <value type="string" key="userName">root</value>
      </value>
      <value type="string" key="name">Local instance wampmysqld</value>
      <link type="object" struct-name="GrtObject" key="owner">{73654098-0987-43B2-9E98-FB249F14DC66}</link>
    </value>
    <value type="object" struct-name="db.mgmt.Connection" id="{A22BF975-C293-4B62-BAC8-F6D45A928791}" struct-checksum="0x96ba47d8">
      <link type="object" struct-name="db.mgmt.Driver" key="driver">com.mysql.rdbms.mysql.driver.native</link>
      <value type="string" key="hostIdentifier">Mysql@10.20.10.88:3306</value>
      <value type="int" key="isDefault">0</value>
      <value _ptr_="0A32A3B8" type="dict" key="modules"/>
      <value _ptr_="0A32A318" type="dict" key="parameterValues">
        <value type="string" key="DbSqlEditor:LastDefaultSchema">wtcr_dev</value>
        <value type="string" key="SQL_MODE"></value>
        <value type="string" key="hostName">10.20.10.88</value>
        <value type="int" key="lastConnected">1429817399</value>
        <value type="string" key="password"></value>
        <value type="int" key="port">3306</value>
        <value type="string" key="schema"></value>
        <value type="string" key="serverVersion">5.5.37-0ubuntu0.13.10.1-log</value>
        <value type="string" key="sslCA"></value>
        <value type="string" key="sslCert"></value>
        <value type="string" key="sslCipher"></value>
        <value type="string" key="sslKey"></value>
        <value type="string" key="userName">drichardson</value>
      </value>
      <value type="string" key="name">Dev Site</value>
      <link type="object" struct-name="GrtObject" key="owner">{73654098-0987-43B2-9E98-FB249F14DC66}</link>
    </value>
    <value type="object" struct-name="db.mgmt.Connection" id="{2F526670-C35D-4449-9433-CEA362E1BBEF}" struct-checksum="0x96ba47d8">
      <link type="object" struct-name="db.mgmt.Driver" key="driver">com.mysql.rdbms.mysql.driver.native</link>
      <value type="string" key="hostIdentifier">Mysql@207.161.146.213:3306</value>
      <value type="int" key="isDefault">1</value>
      <value _ptr_="0A32A278" type="dict" key="modules"/>
      <value _ptr_="0A32A1D8" type="dict" key="parameterValues">
        <value type="string" key="SQL_MODE"></value>
        <value type="string" key="hostName">207.161.146.213</value>
        <value type="string" key="password"></value>
        <value type="int" key="port">3306</value>
        <value type="string" key="schema"></value>
        <value type="string" key="sslCA"></value>
        <value type="string" key="sslCert"></value>
        <value type="string" key="sslCipher"></value>
        <value type="string" key="sslKey"></value>
        <value type="string" key="userName">root</value>
      </value>
      <value type="string" key="name">Whiskey</value>
      <link type="object" struct-name="GrtObject" key="owner">{73654098-0987-43B2-9E98-FB249F14DC66}</link>
    </value>
  </value>
</data>
