<?xml version="1.0"?>
<data grt_format="2.0">
  <value _ptr_="0A222038" type="list" content-type="object" content-struct-name="db.mgmt.ServerInstance">
    <value type="object" struct-name="db.mgmt.ServerInstance" id="{BCF24533-44AB-428D-BC1E-162B4AF7A4E2}" struct-checksum="0x367436e2">
      <link type="object" struct-name="db.mgmt.Connection" key="connection">{24A2673E-BDB0-47AE-8734-87894E10F0AD}</link>
      <value _ptr_="0A32A138" type="dict" key="loginInfo">
        <value type="string" key="wmi.hostName"></value>
        <value type="string" key="wmi.userName"></value>
      </value>
      <value _ptr_="0A32A098" type="dict" key="serverInfo">
        <value type="string" key="basedir">c:/wamp/bin/mysql/mysql5.6.17</value>
        <value type="string" key="datadir">c:\wamp\bin\mysql\mysql5.6.17\data\</value>
        <value type="string" key="detected_os_name">Windows 7 Professional</value>
        <value type="string" key="detected_os_type">windows</value>
        <value type="string" key="detected_os_variant">Windows</value>
        <value type="string" key="detected_os_version">Microsoft Windows [Version 6.1.7601]</value>
        <value type="string" key="errorLogFilePath">c:\wamp\logs\mysql.log</value>
        <value type="int" key="generalLogEnabled">1</value>
        <value type="string" key="generalLogFilePath">c:\wamp\logs\mysqlFULL.txt</value>
        <value type="string" key="serverVersion">5.6.17-log</value>
        <value type="int" key="setupPending">0</value>
        <value type="string" key="slowLogFilePath">c:\wamp\bin\mysql\mysql5.6.17\data\Enigdsk08-slow.log</value>
        <value type="string" key="sys.config.path"></value>
        <value type="string" key="sys.config.section">mysqld</value>
        <value type="string" key="sys.mysqld.service_name">wampmysqld</value>
        <value type="string" key="sys.preset">Custom</value>
        <value type="string" key="sys.sudo"></value>
        <value type="string" key="sys.system">Windows</value>
        <value type="int" key="sys.usesudo">1</value>
        <value type="int" key="sys.usesudostatus">0</value>
        <value type="int" key="windowsAdmin">1</value>
      </value>
      <value type="string" key="name">Local wampmysqld</value>
    </value>
    <value type="object" struct-name="db.mgmt.ServerInstance" id="{1D7CBBDF-A215-42D9-8A16-315FD3F2D4AA}" struct-checksum="0x367436e2">
      <link type="object" struct-name="db.mgmt.Connection" key="connection">{24A2673E-BDB0-47AE-8734-87894E10F0AD}</link>
      <value _ptr_="0A329FF8" type="dict" key="loginInfo">
        <value type="string" key="wmi.hostName"></value>
        <value type="string" key="wmi.userName"></value>
      </value>
      <value _ptr_="0A329F58" type="dict" key="serverInfo">
        <value type="int" key="setupPending">1</value>
        <value type="string" key="sys.config.path"></value>
        <value type="string" key="sys.config.section">mysqld</value>
        <value type="string" key="sys.mysqld.service_name">wampmysqld64</value>
        <value type="string" key="sys.preset">Custom</value>
        <value type="string" key="sys.system">Windows</value>
        <value type="int" key="windowsAdmin">1</value>
      </value>
      <value type="string" key="name">Local wampmysqld64</value>
    </value>
    <value type="object" struct-name="db.mgmt.ServerInstance" id="{1ABD70CE-6E37-4574-8B1C-8148AC45A57F}" struct-checksum="0x367436e2">
      <link type="object" struct-name="db.mgmt.Connection" key="connection">{A22BF975-C293-4B62-BAC8-F6D45A928791}</link>
      <value _ptr_="0A329EB8" type="dict" key="loginInfo"/>
      <value _ptr_="0A329E18" type="dict" key="serverInfo">
        <value type="string" key="basedir">/usr</value>
        <value type="string" key="datadir">/var/lib/mysql/</value>
        <value type="string" key="errorLogFilePath">\var\log\mysql\error.log</value>
        <value type="int" key="generalLogEnabled">1</value>
        <value type="string" key="generalLogFilePath">\var\log\mysql\mysql.log</value>
        <value type="string" key="serverVersion">5.5.34-0ubuntu0.13.04.1-log</value>
        <value type="int" key="setupPending">0</value>
        <value type="int" key="slowLogEnabled">1</value>
        <value type="string" key="slowLogFilePath">\var\log\mysql\mysql-slow.log</value>
        <value type="string" key="sys.sudo"></value>
      </value>
      <value type="string" key="name">Dev Site</value>
    </value>
    <value type="object" struct-name="db.mgmt.ServerInstance" id="{53411B1B-3F42-41B4-B565-BFD40821C40F}" struct-checksum="0x367436e2">
      <link type="object" struct-name="db.mgmt.Connection" key="connection">{2F526670-C35D-4449-9433-CEA362E1BBEF}</link>
      <value _ptr_="0A329D78" type="dict" key="loginInfo"/>
      <value _ptr_="0A329CD8" type="dict" key="serverInfo">
        <value type="int" key="setupPending">0</value>
        <value type="string" key="sys.sudo"></value>
      </value>
      <value type="string" key="name">Whiskey</value>
    </value>
  </value>
</data>
